{"cameraMode":{"drawMode":0,"name":"Shaded","section":"Shading Mode"},"sceneLighting":false,"audioPlay":false,"sceneViewState":{"showFog":true,"showMaterialUpdate":false,"showSkybox":false,"showFlares":true,"showImageEffects":true,"showParticleSystems":true},"in2DMode":false,"pivot":{"x":148.2669219970703,"y":19.579999923706056,"z":93.78672790527344},"rotation":{"x":0.0226232148706913,"y":0.9076220393180847,"z":0.05032392963767052,"w":-0.4165855348110199},"size":22.0,"orthographic":false}