{"cameraMode":{"drawMode":0,"name":"Shaded","section":"Shading Mode"},"sceneLighting":false,"audioPlay":false,"sceneViewState":{"showFog":true,"showMaterialUpdate":false,"showSkybox":false,"showFlares":true,"showImageEffects":true,"showParticleSystems":true},"in2DMode":false,"pivot":{"x":0.20150232315063477,"y":2.4654242992401125,"z":0.05095052719116211},"rotation":{"x":0.042278070002794269,"y":0.9258726835250855,"z":0.11010042577981949,"w":-0.35946398973464968},"size":5.106427192687988,"orthographic":false}