{"cameraMode":{"drawMode":0,"name":"Shaded","section":"Shading Mode"},"sceneLighting":false,"audioPlay":false,"sceneViewState":{"showFog":true,"showMaterialUpdate":false,"showSkybox":false,"showFlares":true,"showImageEffects":true,"showParticleSystems":true},"in2DMode":false,"pivot":{"x":-0.13053454458713532,"y":3.052549123764038,"z":-0.4304924011230469},"rotation":{"x":0.00005806968692922965,"y":0.9994234442710877,"z":0.03719164431095123,"w":-0.011784919537603855},"size":10.582279205322266,"orthographic":false}