{"cameraMode":{"drawMode":0,"name":"Shaded","section":"Shading Mode"},"sceneLighting":false,"audioPlay":false,"sceneViewState":{"showFog":true,"showMaterialUpdate":false,"showSkybox":false,"showFlares":true,"showImageEffects":true,"showParticleSystems":true},"in2DMode":false,"pivot":{"x":0.016929149627685548,"y":2.8361754417419435,"z":-0.006547331809997559},"rotation":{"x":-0.04281513765454292,"y":0.9204259514808655,"z":-0.10413215309381485,"w":-0.3748391270637512},"size":10.524079322814942,"orthographic":false}