{"cameraMode":{"drawMode":0,"name":"Shaded","section":"Shading Mode"},"sceneLighting":false,"audioPlay":false,"sceneViewState":{"showFog":true,"showMaterialUpdate":false,"showSkybox":false,"showFlares":true,"showImageEffects":true,"showParticleSystems":true},"in2DMode":false,"pivot":{"x":-0.018332600593566896,"y":0.5835857391357422,"z":0.03415024280548096},"rotation":{"x":-0.01446581818163395,"y":-0.31790217757225039,"z":0.00502092344686389,"w":-0.948231041431427},"size":3.4318132400512697,"orthographic":false}