{"cameraMode":{"drawMode":0,"name":"Shaded","section":"Shading Mode"},"sceneLighting":false,"audioPlay":false,"sceneViewState":{"showFog":true,"showMaterialUpdate":false,"showSkybox":false,"showFlares":true,"showImageEffects":true,"showParticleSystems":true},"in2DMode":false,"pivot":{"x":0.016929149627685548,"y":2.6961750984191896,"z":-0.006547331809997559},"rotation":{"x":-0.012611613608896733,"y":0.9878281354904175,"z":-0.10136788338422775,"w":-0.11884679645299912},"size":10.524079322814942,"orthographic":false}